kod,sektor,son_fiyat,hedef_final,potansiyel_pct,sinyal,ref_fk,faiz_tavan_fk,ort_fk_orig,ref_pddd,ort_pddd_orig,y1,y2,y3,y4,y5,trend_carpan,fwd_nk,fwd_kaynak,makro,gerceklesme,katalist_tier,katalist_bilgi
ESCOM,Bilişim ve Yazılım,5.43,16.29,200.0,🏆 ALTIN,7.6,14.5,7.64,2.37,2.37,49.6,47.23,11.16,,18.79,1.1,4576,sonq,1.0,0.6,2,T2 6 yazılım yatırımı
MERIT,Turizm,16.15,48.45,200.0,🟢 GÜÇLÜ AL,7.8,7.8,32.42,0.82,0.82,32.07,16.03,42.1,,2.55,1.1,1391,sonq,0.7,0.55,0,
AKFGY,Gayrimenkul,2.89,7.23,150.0,🟢 GÜÇLÜ AL,5.3,7.8,5.33,0.58,0.58,6.77,4.93,4.86,,3.62,1.05,4955,sonq,0.95,0.4,0,
HLGYO,Gayrimenkul,5.2,13.0,150.0,🟢 GÜÇLÜ AL,5.3,7.8,5.26,0.53,0.53,47.44,35.0,7.49,5.89,26.09,1.1,34636,sonq,0.95,0.4,0,
RGYAS,Gayrimenkul,160.6,401.5,150.0,🟢 GÜÇLÜ AL,7.8,7.8,15.37,1.0,1.0,301.73,150.86,401.78,256.29,153.45,0.93,12870,spk_med,0.95,0.4,0,
SRVGY,Gayrimenkul,3.31,8.28,150.0,🏆 ALTIN,3.6,7.8,3.61,1.13,1.13,13.29,14.28,9.69,,8.31,1.1,11964,sonq,0.95,0.5,2,T2 arsa alım
THYAO,Ulaştırma,289.5,660.3,128.1,🏆 ALTIN,3.7,7.8,3.74,0.8,0.8,422.8,438.62,528.24,466.72,266.08,1.05,156005,sonq,0.55,0.9,1,T1
EUHOL,Holding,12.99,25.98,100.0,🏆 ALTIN,7.8,7.8,49.59,2.0,2.45,218.31,109.16,60.93,,46.5,1.05,4220,sonq,0.95,0.4,1,T1 OTTO 50M USD
GLRYH,Holding,4.33,8.66,100.0,🟢 GÜÇLÜ AL,7.8,7.8,13.36,2.0,2.79,34.14,17.07,17.57,,52.32,0.9,2640,sonq,0.95,0.2,0,
CATES,Enerji Üretim ve Dağıtım,48.78,97.0,98.9,🏆 ALTIN,5.8,5.8,12.83,0.63,0.63,261.41,130.7,48.66,,17.83,1.1,7420,sonq,1.15,1.0,1,T1
GSDDE,Ulaştırma,9.72,18.53,90.7,🏆 ALTIN,7.8,7.8,31.57,0.75,0.75,34.19,17.1,13.9,,4.63,0.9,661,son2q,0.55,0.85,2,T2 gemi siparişi
MHRGY,Gayrimenkul,3.47,6.62,90.7,🟢 GÜÇLÜ AL,7.8,7.8,32.42,0.83,0.83,11.36,5.68,5.49,,0.48,1.1,1816,sonq,0.95,0.4,0,
A1CAP,Aracı Kurum,15.73,29.14,85.3,🟢 GÜÇLÜ AL,5.8,5.8,13.12,1.62,1.62,88.65,44.33,22.03,,42.81,1.1,10282,sonq,0.95,0.4,0,
SISE,"Cam, Seramik, Porselen",44.26,79.19,78.9,🏆 ALTIN,6.6,6.6,15.02,0.99,0.99,33.46,16.73,78.4,59.78,5.36,1.05,15540,sonq,0.9,0.75,2,T2 varlık edinimi
KZBGY,Gayrimenkul,3.12,5.49,75.8,🟡 AL,7.8,7.8,23.27,2.0,9.07,5.84,2.92,10.97,,4.04,1.1,3010,sonq,0.95,0.4,0,
VBTYZ,Bilişim ve Yazılım,22.2,37.45,68.7,🟢 GÜÇLÜ AL,14.5,14.5,26.92,2.91,5.66,75.61,37.81,22.63,,21.82,1.1,608,sonq,1.0,0.75,1,T1 SGK+Banka
PLTUR,Servis Taşımacılığı ve Araç Kiralama,24.02,38.05,58.4,🟢 GÜÇLÜ AL,7.8,7.8,10.41,1.49,1.49,66.14,33.07,52.34,,41.93,1.1,2087,sonq,0.85,0.8,1,T1
KATMR,Metal Eşya ve Makine,2.98,4.02,34.8,🟠 TUT,7.8,7.8,17.85,1.35,1.35,1.24,0.62,5.42,,1.12,0.72,344,spk_med,1.2,0.8,1,T1
PGSUS,Ulaştırma,177.5,233.7,31.7,🟠 TUT,6.8,7.8,6.81,1.93,1.93,143.78,81.92,451.04,321.86,79.95,0.88,10556,spk_med,0.55,0.9,1,T1
MTRKS,Bilişim ve Yazılım,21.7,27.29,25.8,⚪ İZLE,14.5,14.5,33.1,2.91,16.62,60.81,30.4,27.51,,13.45,1.05,420,sonq,1.0,0.4,0,
AKFIS,İnşaat,39.7,49.76,25.4,⚪ İZLE,4.8,4.8,23.72,0.55,0.55,41.21,20.6,27.37,,76.74,1.1,5409,sonq,0.95,0.45,0,
OYYAT,Aracı Kurum,64.4,80.29,24.7,⚪ İZLE,5.8,5.8,12.45,2.0,2.94,172.48,86.24,81.0,,81.97,1.1,8891,sonq,0.95,0.4,0,
ATATP,Bilişim ve Yazılım,146.8,182.29,24.2,⚪ İZLE,14.5,14.5,27.63,2.91,8.05,282.78,141.39,136.81,,210.64,0.72,1823,spk_med,1.0,0.75,1,T1
AHSGY,Gayrimenkul,20.48,24.74,20.8,⚪ İZLE,7.8,7.8,9.71,1.23,1.23,83.16,41.58,15.65,,15.41,0.93,7732,sonq,0.95,0.45,0,
KIMMR,Gıda Perakendeciliği,19.2,22.76,18.5,⚪ İZLE,7.8,7.8,11.97,1.58,1.58,47.49,23.75,28.84,,2.08,1.1,1469,sonq,1.0,0.4,0,
YUNSA,"Tekstil, Giyim ve Deri",8.21,9.19,11.9,⚪ İZLE,7.8,7.8,14.26,1.95,1.95,7.4,3.7,17.92,,1.94,0.9,458,son2q,0.95,0.45,0,
YYLGD,Gıda ve İçecek,11.14,12.42,11.5,⚪ İZLE,7.8,7.8,17.88,2.0,2.67,-1.29,-0.64,24.84,17.4,7.69,0.9,-180,son2q,1.0,0.35,0,
ULKER,Gıda ve İçecek,112.5,124.92,11.0,⚪ İZLE,7.8,7.8,9.31,2.0,2.04,76.81,38.41,234.5,188.13,154.73,0.88,3656,spk_med,1.0,0.55,0,
ORGE,Enerji Teknolojileri,67.5,74.82,10.8,⚪ İZLE,5.8,5.8,11.42,2.0,3.26,69.55,34.77,99.0,85.0,64.89,1.05,956,sonq,1.1,0.95,1,T1
BNTAS,Ambalaj,6.25,6.87,9.9,⚪ İZLE,7.8,7.8,8.25,1.59,1.59,10.95,5.47,10.12,,4.53,1.1,341,sonq,1.0,0.35,0,
LOGO,Bilişim ve Yazılım,135.0,143.47,6.3,⚪ İZLE,14.5,14.5,21.43,2.91,4.69,185.26,92.63,114.56,232.95,83.02,0.88,1210,spk_med,1.0,0.5,0,
KRSTL,Gıda ve İçecek,8.74,9.23,5.6,⚪ İZLE,7.8,7.8,19.09,2.0,2.47,10.29,5.15,18.12,,5.84,0.85,255,son2q,1.0,0.45,0,
FONET,Bilişim ve Yazılım,4.68,4.9,4.8,⚪ İZLE,14.5,14.5,49.1,2.91,22.98,7.38,3.69,5.25,,2.41,1.1,475,sonq,1.0,0.95,1,T1 5 ihale 743M
TTKOM,Haberleşme,59.15,61.85,4.6,⚪ İZLE,6.8,6.8,15.08,1.99,1.99,44.26,22.13,120.79,88.44,42.54,0.9,22816,son2q,1.0,0.55,0,
AYES,İmalat,32.0,33.07,3.3,⚪ İZLE,7.8,7.8,22.01,2.0,2.53,57.83,28.91,40.53,,8.15,1.0,1118,ttm,0.95,0.4,0,
EUREN,Enerji Üretim ve Dağıtım,4.84,4.87,0.6,⚪ İZLE,5.8,5.8,13.6,2.0,2.88,-0.61,-0.3,9.74,15.1,1.4,0.9,-220,son2q,1.15,0.35,0,
EGEGY,Gayrimenkul,29.0,27.73,-4.4,🔴 SAT,7.8,7.8,16.81,2.0,7.64,62.86,31.43,17.2,,15.3,1.1,1620,sonq,0.95,0.35,0,
ASUZU,Otomotiv,66.3,63.19,-4.7,🔴 SAT,7.8,7.8,26.8,2.0,2.42,73.3,36.65,115.16,,15.36,1.1,2380,sonq,0.9,0.3,0,
GESAN,Enerji Teknolojileri,44.7,42.33,-5.3,🔴 SAT,5.8,5.8,25.4,2.0,5.55,9.28,4.64,59.3,99.0,21.72,0.93,733,spk_med,1.1,0.3,0,
ARASE,Enerji Üretim ve Dağıtım,102.5,95.97,-6.4,🔴 SAT,5.8,5.8,14.24,2.0,2.06,52.99,26.49,159.6,,79.32,0.9,2276,son2q,1.15,0.4,0,
NTGAZ,Enerji Üretim ve Dağıtım,13.03,12.09,-7.2,🔴 SAT,5.8,5.8,11.04,1.84,1.84,11.61,5.8,13.44,,5.67,1.1,1376,sonq,1.15,0.4,0,
CWENE,Enerji Teknolojileri,28.86,26.42,-8.5,🔴 SAT,5.8,5.8,37.56,2.0,6.23,12.72,6.36,25.87,44.85,8.27,1.1,2356,sonq,1.1,0.3,0,
PNLSN,İnşaat,50.5,46.15,-8.6,🔴 SAT,4.8,4.8,21.56,2.0,3.06,47.77,23.89,80.53,,9.61,1.05,739,sonq,0.95,0.4,0,
TUREX,Servis Taşımacılığı ve Araç Kiralama,7.49,6.71,-10.4,🔴 SAT,7.8,7.8,20.55,2.0,3.45,4.12,2.06,13.65,,4.13,0.85,574,son2q,0.85,0.3,0,
GENTS,Mobilya ve Dekorasyon,8.38,7.44,-11.2,🔴 SAT,7.8,7.8,24.59,2.0,4.66,7.7,3.85,9.23,,4.44,1.1,744,sonq,0.95,0.4,0,
ARTMS,"Tekstil, Giyim ve Deri",39.34,34.34,-12.7,🔴 SAT,7.8,7.8,16.21,1.88,1.88,25.7,12.85,59.09,,1.98,0.85,232,ttm,0.95,0.3,0,
RALYH,Holding,139.5,121.76,-12.7,🔴 SAT,7.8,7.8,23.9,2.0,9.63,103.26,51.63,37.36,,21.65,1.1,4431,sonq,0.95,0.2,0,
TCKRC,İmalat,94.0,81.55,-13.2,🔴 SAT,7.8,7.8,16.76,2.0,2.24,105.72,52.86,60.71,,29.85,1.1,2316,sonq,0.95,0.4,0,
CGCAM,"Cam, Seramik, Porselen",35.98,31.19,-13.3,🔴 SAT,6.6,6.6,27.17,1.5,1.5,48.68,24.34,41.25,,8.84,1.05,1240,sonq,0.9,0.5,0,
BULGS,Girişim Sermayesi Yat. Ort.,44.3,38.38,-13.4,🔴 SAT,5.8,5.8,10.71,1.75,1.75,38.35,19.17,48.84,,22.3,1.05,1766,ttm,0.95,0.4,0,
SANEL,İnşaat,36.12,31.03,-14.1,🔴 SAT,4.8,4.8,8.95,2.0,29.24,44.65,22.33,15.3,,6.65,0.93,168,spk_med,0.95,0.3,0,
TERA,Aracı Kurum,320.25,275.01,-14.1,🔴 SAT,5.8,5.8,12.97,2.0,4.99,296.84,148.42,86.57,,153.22,0.9,35703,son2q,0.95,0.3,0,
AKSA,Kimya ve Plastik,11.1,9.53,-14.2,🔴 SAT,6.6,6.6,21.1,2.0,2.32,5.39,2.69,16.84,14.18,3.5,0.88,3172,spk_med,0.9,0.5,0,
TOASO,Otomotiv,310.25,266.26,-14.2,🔴 SAT,7.8,7.8,22.11,2.0,3.95,328.78,164.39,240.12,422.71,30.77,1.1,21184,sonq,0.9,0.6,0,
PKENT,Turizm,154.6,132.13,-14.5,🔴 SAT,7.8,7.8,30.68,2.0,9.01,232.49,116.24,143.78,,23.9,0.72,746,son2q,0.7,0.4,0,
GLRMK,İnşaat,170.1,144.76,-14.9,🔴 SAT,4.8,4.8,13.33,2.0,4.04,49.02,24.51,110.04,291.37,35.1,0.9,3260,son2q,0.95,0.5,0,
MACKO,Destek ve Hizmet,31.5,26.73,-15.1,🔴 SAT,7.8,7.8,12.31,2.0,7.07,16.51,8.26,13.8,69.86,16.92,0.85,213,son2q,1.0,0.5,0,
OZSUB,"Tarım, Hayvancılık, Balıkçılık",22.16,18.52,-16.4,🔴 SAT,7.8,7.8,25.64,2.0,3.74,14.74,7.37,17.17,,14.2,0.88,228,spk_med,1.0,0.4,0,
ELITE,Gıda ve İçecek,28.36,23.65,-16.6,🔴 SAT,7.8,7.8,20.87,2.0,5.37,5.63,2.81,34.72,,11.43,0.85,94,son2q,1.0,0.3,0,
LILAK,Kağıt ve Kağıt Ürünleri,33.12,27.48,-17.0,🔴 SAT,7.8,7.8,15.76,1.33,1.33,18.23,9.11,36.59,45.6,13.36,0.88,1386,spk_med,0.95,0.5,0,
GRSEL,Servis Taşımacılığı ve Araç Kiralama,324.0,265.87,-17.9,🔴 SAT,7.8,7.8,12.71,2.0,3.46,307.71,153.85,205.69,,147.71,1.1,4045,sonq,0.85,0.4,0,
YEOTK,Enerji Teknolojileri,48.78,40.02,-18.0,🔴 SAT,5.8,5.8,30.08,2.0,14.7,55.77,27.89,23.27,,20.67,0.9,3402,son2q,1.1,0.75,1,T1 5+ GES sözleşme
EGPRO,Kimya ve Plastik,29.02,23.72,-18.3,🔴 SAT,6.6,6.6,16.7,2.0,2.87,17.18,8.59,32.59,,12.85,1.05,1420,sonq,0.9,0.4,0,
SAYAS,Enerji Teknolojileri,42.48,34.55,-18.7,🔴 SAT,5.8,5.8,31.69,2.0,8.06,10.54,5.27,31.82,,13.81,0.88,140,spk_med,1.1,0.3,0,
GEDIK,Aracı Kurum,5.35,4.28,-20.1,🔴 SAT,5.8,5.8,13.77,2.0,2.92,2.28,1.14,5.09,,3.43,0.93,783,spk_med,0.95,0.4,0,
CLEBI,Ulaştırma,1829.0,1460.45,-20.2,🔴 SAT,7.8,7.8,15.8,2.0,6.66,1865.66,932.83,690.53,,601.97,0.9,5842,sonq,0.55,0.3,0,
BEYAZ,Destek ve Hizmet,28.46,22.63,-20.5,🔴 SAT,7.8,7.8,22.81,2.0,3.6,10.27,5.14,26.68,,17.47,1.1,132,ttm,1.0,0.4,0,
GRTHO,Gıda ve İçecek,241.7,190.14,-21.3,🔴 SAT,7.8,7.8,31.85,2.0,4.97,229.84,114.92,144.32,,18.24,0.9,3702,sonq,1.0,0.5,0,
BESTE,Enerji Üretim ve Dağıtım,24.28,18.97,-21.9,🔴 SAT,5.8,5.8,25.84,1.35,1.35,5.58,2.79,26.11,,1.45,1.0,180,ttm,1.15,0.4,0,
ENKAI,İnşaat,92.95,71.66,-22.9,🔴 SAT,4.8,4.8,16.24,1.19,1.19,30.71,15.36,74.02,109.36,12.26,1.05,37992,ttm,0.95,0.5,0,
CMENT,"Taş, Toprak, Çimento",339.0,259.98,-23.3,🔴 SAT,6.6,6.6,27.85,2.0,4.15,135.4,67.7,363.49,,67.39,1.05,1788,sonq,0.9,0.4,0,
KBORU,Ana Metal,17.75,13.47,-24.1,🔴 SAT,5.8,5.8,18.33,2.0,3.09,0.29,0.15,14.83,,1.46,0.85,30,son2q,0.9,0.3,0,
INFO,Aracı Kurum,3.44,2.59,-24.6,🔴 SAT,5.8,5.8,14.68,2.0,2.11,1.87,0.93,6.19,,1.66,0.72,308,spk_med,0.95,0.85,1,T1
PSDTC,Toptan ve Perakende Ticaret,132.5,93.44,-29.5,🔴 SAT,7.8,7.8,19.75,2.0,6.14,57.68,28.84,59.46,,2.75,1.05,55,ttm,0.95,0.4,0,
MEGMT,Ana Metal,70.7,49.8,-29.6,🔴 SAT,5.8,5.8,18.1,2.0,2.8,27.8,13.9,29.96,,6.66,0.85,1266,son2q,0.9,0.4,0,
ATATR,Turizm,10.7,7.43,-30.5,🔴 SAT,7.8,7.8,23.6,2.0,3.39,3.46,1.73,6.53,,2.97,1.0,358,ttm,0.7,0.4,0,
